codigo,subcuenca,ene_mm,feb_mm,mar_mm,abr_mm,may_mm,jun_mm,jul_mm,ago_mm,sep_mm,oct_mm,nov_mm,dic_mm,anual_mm
2701-01-01,DIRECTOS R. ABURRÁ A SALIDA,91.0,125.2,178.7,333.5,419.9,316.4,317.1,343.9,394.8,392.7,257.8,137.8,3308.4
2701-01-206,Q. PIEDRA GORDA,93.2,127.4,189.0,344.4,421.1,317.5,317.3,354.7,396.4,392.8,256.6,136.5,3347.8
2701-01-198,Q. SANTO DOMINGO,89.0,123.0,164.6,323.4,398.7,302.8,304.2,339.5,379.3,379.6,251.3,134.4,3190.8
2701-01-004,Q. LAURELES,90.8,124.1,171.5,326.5,424.6,321.9,322.9,343.4,399.7,391.1,258.1,138.0,3311.4
2701-01-010,Q. MONTERA,86.1,118.8,146.5,306.7,398.1,306.6,299.7,327.4,379.3,376.8,253.2,135.7,3134.3
2701-01-015,Q. POPALITO,80.3,110.5,123.0,283.1,367.0,284.9,278.8,302.9,351.8,359.9,239.4,127.7,2908.9
2701-01-201,Q. AGUA FRIA,92.2,127.0,174.0,334.8,414.0,312.5,314.6,348.8,392.2,389.6,257.0,137.5,3294.9
2701-01-006,Q. LA JAGUA,87.9,121.2,158.6,316.0,412.8,316.4,310.4,337.1,390.7,382.0,256.5,137.7,3226.3
2701-01-184,Q. DOSQUEBRADAS,76.8,105.2,119.2,255.6,323.8,255.8,261.0,278.1,309.0,324.5,217.7,118.4,2645.5
2701-01-021,Q. SANTA ROSA,73.4,100.0,108.1,260.1,345.2,273.3,262.7,286.2,333.6,340.9,225.5,119.5,2728.4
2701-01-011,Q. LA CALDAS,83.4,114.2,134.8,295.2,386.4,298.9,290.9,317.4,368.7,370.3,248.8,131.5,3039.9
2701-01-192,Q. LA HERRADURA,89.0,120.1,154.7,302.6,375.4,292.7,297.7,328.2,358.5,365.0,244.7,133.0,3062.4
2701-01-197,Q. AGUAS CLARAS,89.1,121.7,161.2,316.9,390.4,298.9,300.8,336.1,372.6,374.7,249.0,133.9,3146.4
2701-01-48,DIRECTOS R. ABURRÁ (INTERCUENCA 1),79.4,110.3,122.1,280.7,357.8,277.2,274.1,298.6,343.9,354.8,235.1,126.7,2860.6
2701-01-179,Q. OVEJAS,55.9,74.6,110.3,195.3,242.6,181.3,175.5,190.5,223.7,251.3,171.7,88.1,1960.4
2701-01-022,Q. REVENTON,64.4,88.8,95.7,235.1,306.5,245.9,235.7,258.7,302.3,313.1,201.4,109.4,2457.1
2701-01-032,Q. LA CHACONA,46.9,73.4,100.2,200.5,238.1,192.6,193.9,210.9,249.6,243.8,144.1,95.3,1987.9
2701-01-046,Q. LOS ORTEGAS,41.2,78.5,130.3,192.5,208.6,168.5,166.0,184.5,212.0,191.4,110.1,110.4,1793.9
2701-01-037,Q. LA SILVA,40.2,91.1,147.9,211.5,200.3,177.3,194.1,206.2,231.8,172.2,80.1,126.3,1877.1
2701-01-034,Q. LAS LAJAS,43.0,81.3,126.7,205.7,218.2,184.8,194.8,210.1,241.7,207.2,110.4,109.0,1930.5
2701-01-060,Q. SECA,40.8,57.0,101.7,159.5,204.1,155.4,133.8,150.8,195.2,219.4,140.0,78.3,1636.2
2701-01-050,Q. LOS AGUACATES,40.8,64.3,110.7,172.3,215.0,163.3,145.7,165.0,202.2,214.8,139.2,89.9,1723.7
2701-01-023,Q. LAS PEÑAS,57.5,81.3,90.2,219.4,278.5,222.4,216.3,237.1,279.7,289.7,181.0,102.8,2255.9
2701-01-041,Q. LA CORREA,40.7,89.5,146.8,206.0,200.3,174.5,184.9,198.2,221.1,171.7,85.5,125.5,1843.9
2701-01-035,Q. LA QUESIANIEGA,41.7,87.8,139.8,210.5,208.9,181.8,196.2,209.8,237.7,187.5,92.8,120.0,1912.4
2701-01-033,Q. LOS TOTUMOS,45.0,77.0,114.5,203.0,228.1,188.5,194.4,210.8,245.9,226.2,127.6,101.0,1959.6
2701-01-063,Q. EL HATO,61.3,72.1,128.5,196.1,220.7,157.0,131.4,142.7,198.7,254.2,187.4,99.7,1849.8
2701-01-053,Q. LA TOLDA,40.1,60.2,106.7,163.6,210.5,158.7,137.5,156.7,198.4,218.7,141.1,83.3,1675.7
2701-01-077,Q. LA HUESO,82.7,87.0,156.6,215.0,253.9,171.5,142.6,148.7,204.5,255.4,204.3,114.6,2036.9
2701-01-048,Q. EL LIMONAL,40.9,72.9,122.0,184.0,211.6,167.6,159.6,175.5,205.8,198.4,123.8,103.0,1765.3
2701-01-176,Q. CORRIENTES,47.5,66.1,83.1,185.2,237.4,182.5,182.9,195.6,235.1,244.7,155.7,81.6,1896.3
2701-01-172,Q. PLATANITO,41.7,59.6,95.6,180.1,222.3,168.1,169.3,184.8,225.4,228.2,142.5,74.2,1788.5
2701-01-169,Q. EL SALADO,48.8,62.2,107.7,184.2,232.3,162.7,147.1,173.8,207.3,244.6,165.4,81.0,1815.8
2701-01-154,Q. PIEDRAS BLANCAS,61.8,77.4,127.1,196.1,230.2,161.1,134.8,151.8,193.4,252.3,186.7,105.1,1877.5
2701-01-130,Q. LA PRESIDENTA,77.7,91.4,136.7,207.8,237.4,165.9,137.7,160.5,200.9,254.1,196.8,117.7,1984.5
2701-01-175,Q. GUAYABAL,44.8,62.3,86.9,180.6,229.0,174.5,174.5,188.1,228.1,236.5,149.9,77.2,1830.8
2701-01-171,Q. ENCENILLO,38.8,54.4,95.7,173.8,216.3,160.9,159.6,176.3,218.2,223.3,139.6,68.0,1720.6
2701-01-165,Q. EL CURRUCAO,48.9,65.0,110.7,189.8,241.7,163.9,138.2,174.8,209.9,250.9,169.9,90.4,1854.1
2701-01-149,Q. RODAS,43.9,57.4,104.9,166.0,203.5,144.8,117.8,131.5,172.7,220.5,151.6,82.6,1597.1
2701-01-158,Q. LA CHUSCALA,49.3,64.8,116.5,180.2,226.5,160.4,133.9,156.3,191.1,242.1,165.2,88.7,1775.1
2701-01-057,Q. GUASIMAL,39.3,57.5,104.4,157.8,205.6,154.8,132.1,150.7,195.3,219.1,139.8,79.0,1635.5
2701-01-52,DIRECTOS R. ABURRÁ (INTERCUENCA 4),41.6,60.1,107.7,167.2,214.4,156.7,130.6,152.4,193.7,224.5,146.0,83.9,1679.0
2701-01-50,DIRECTOS R. ABURRÁ (INTERCUENCA 3),38.9,63.3,109.9,180.9,211.9,162.6,159.4,179.5,216.0,210.3,124.7,84.8,1739.4
2701-01-49,DIRECTOS R. ABURRÁ (INTERCUENCA 2),53.7,75.6,79.6,206.6,262.5,204.1,203.6,219.3,262.8,274.7,171.9,94.8,2108.4
2701-01-062,Q. LA GARCIA,56.4,67.2,110.1,180.7,210.0,162.0,137.0,151.8,195.4,236.9,169.2,92.0,1769.1
2701-01-081,Q. DOÑA MARIA,101.5,108.7,183.4,244.6,288.3,190.6,151.0,182.2,235.9,287.4,234.2,142.6,2350.3
2701-01-29,RÍO ABURRÁ ALTO,103.2,112.3,177.9,266.2,306.1,201.8,167.1,194.4,248.4,302.5,237.9,155.3,2472.6
2701-01-109,Q. LA BRUNERA,106.9,110.4,183.2,266.7,307.2,204.8,166.0,193.2,254.4,305.2,233.6,154.2,2486.0
2701-01-087,Q. LA BERMEJALA,94.4,100.0,171.4,233.2,278.3,185.4,149.0,178.7,227.3,275.1,214.5,145.4,2252.4
2701-01-094,Q. MANDALAY,110.4,110.7,188.0,266.7,309.9,213.6,171.0,199.3,259.1,310.7,237.9,157.9,2535.0
2701-01-100,Q. LA MINA,106.5,117.5,179.7,274.0,314.7,211.1,173.6,202.7,254.4,312.8,252.5,165.0,2563.5
2701-01-097,Q. LA LEJÍA,114.1,115.6,191.4,277.2,319.7,220.1,176.2,205.4,266.1,320.5,247.1,163.4,2616.4
2701-01-124,Q. LA AYURÁ,82.3,90.8,151.3,215.8,250.0,170.2,141.6,161.1,211.8,255.0,201.6,125.1,2056.5
2701-01-093,Q. LA VALERIA,104.2,107.3,181.4,254.3,299.2,205.0,165.0,194.2,246.5,297.4,230.3,152.4,2436.9
2701-01-085,Q. GRANDE,91.8,99.4,171.5,228.2,273.7,179.5,143.0,174.0,220.2,268.9,212.6,144.6,2207.2
2701-01-076,Q. LA IGUANÁ,78.3,86.4,145.7,207.8,237.9,163.4,137.6,153.6,207.8,260.0,204.7,116.1,1999.3
2701-01-079,Q. ALTAVISTA,77.7,86.5,147.0,198.8,238.2,163.8,133.3,146.4,193.8,239.2,187.6,114.0,1926.3
2701-01-119,Q. LA DOCTORA,85.7,90.0,152.7,215.8,255.9,170.3,140.9,163.4,215.6,257.5,197.1,133.2,2078.3
2701-01-107,Q. LA CLARA,104.5,111.4,179.5,266.0,306.4,201.0,164.9,191.6,250.1,302.0,234.1,153.7,2465.1
2701-01-078,Q. LA PICACHA,81.7,87.1,153.2,206.9,248.6,169.7,139.2,147.6,200.8,247.1,197.5,112.8,1992.3
2701-01-136,Q. SANTA ELENA,81.8,95.1,139.1,223.0,252.6,171.2,144.6,170.6,213.6,275.5,214.0,124.7,2105.5
2701-01-114,Q. LA MIEL,97.5,101.6,171.8,244.4,284.5,190.1,156.0,180.4,238.7,284.4,218.3,143.9,2311.8
2701-01-064,Q. LA LOCA,52.8,59.2,113.8,175.4,208.6,147.8,125.7,136.3,184.7,234.7,161.3,90.6,1691.1
2701-01-60,DIRECTOS R. ABURRÁ A CALDAS,110.3,111.1,187.7,268.7,310.1,210.9,169.0,197.6,259.7,311.0,236.8,158.0,2530.9
2701-01-33,DIRECTOS R. ABURRÁ ZU MEDELLIN,72.9,82.8,134.2,191.8,227.0,156.1,129.4,148.5,191.2,234.1,178.4,114.3,1860.9
2701-01-53,DIRECTOS R. ABURRÁ A COPACABANA,50.5,56.5,108.8,165.7,200.6,138.4,118.0,131.2,173.9,221.9,154.7,90.8,1611.2
2701-01-59,DIRECTOS R. ABURRÁ ZU MEDELLIN (INTERCUENCA 5),95.4,98.8,168.6,234.9,277.9,186.2,150.7,178.3,231.1,277.6,213.3,144.9,2257.6
2701-01-099,Q. LA SALADA,110.5,118.8,184.1,278.0,320.0,216.2,175.9,205.0,260.3,318.2,254.2,166.6,2607.1
