comuna_corregimiento,indice_exposicion,indice_sensibilidad,capacidad_adaptativa,vulnerabilidad,riesgo
01 Popular,0.451,0.411,0.527,0.78,0.351
02 Santa Cruz,0.567,0.337,0.349,0.965,0.547
03 Manrique,0.508,0.342,0.498,0.687,0.349
04 Aranjuez,0.693,0.26,0.545,0.478,0.331
05 Castilla,0.162,0.207,0.568,0.364,0.059
06 Doce de Octubre,0.555,0.26,0.656,0.396,0.22
07 Robledo,0.392,0.241,0.775,0.31,0.122
08 Villa Hermosa,0.783,0.332,0.566,0.587,0.459
09 Buenos Aires,0.815,0.253,0.531,0.476,0.388
10 La Candelaria,0.46,0.317,0.609,0.52,0.239
11 Laureles Estadio,0.234,0.248,0.698,0.355,0.083
12 La América,0.315,0.276,0.526,0.524,0.165
13 San Javier,0.395,0.244,0.596,0.41,0.162
14 El Poblado,0.493,0.1,1.0,0.1,0.049
15 Guayabal,0.1,0.158,0.468,0.338,0.034
16 Belén,0.203,0.22,0.752,0.292,0.059
50 Palmitas,0.186,1.0,0.1,10.0,1.859
60 San Cristóbal,0.615,0.207,0.607,0.341,0.21
70 Altavista,0.296,0.499,0.204,2.443,0.724
80 San Antonio de Prado,1.0,0.11,0.486,0.226,0.226
90 Santa Elena,0.204,0.58,0.252,2.302,0.47
