codigo,nombre,mean,median,p90,cells
01,Popular,30.201077,30.319765,31.798178,3348
02,Santa Cruz,30.897953,31.108147,32.336956,2275
03,Manrique,28.98394,29.155489,31.395597,5611
04,Aranjuez,30.616102,30.86907,32.491653,4805
05,Castilla,30.88905,30.92318,33.60858,6279
06,Doce de Octubre,33.304302,33.449776,34.947422,4189
07,Robledo,29.887785,29.723598,32.59002,10178
08,Villa Hermosa,29.275766,29.589289,31.767572,6208
09,Buenos Aires,29.096571,29.087105,32.403736,5873
10,La Candelaria,31.50215,31.63528,34.415157,6944
11,Laureles Estadio,30.631819,30.698286,32.798775,6797
12,La América,31.244888,31.33577,32.989727,3717
13,San Javier,30.753658,30.800627,33.42456,4949
14,El Poblado,27.147398,26.781162,29.731934,14442
16,Belén,30.087116,30.174091,32.755825,8475
50,Corregimiento de San Sebastián de Palmitas,26.187727,26.164604,28.570406,60756
60,Corregimiento de San Cristóbal,27.804834,27.768574,29.890055,59428
70,Corregimiento de Altavista,26.527998,26.461432,28.287811,30649
90,Corregimiento de Santa Elena,26.508085,26.40622,29.021711,76268
SN02,SN02,26.634441,25.667238,30.1074,80
80,Corregimiento de San Antonio de Prado,26.523506,26.494438,28.749102,65102
SN01,SN01,29.74885,29.639828,32.096848,472
15,Guayabal,31.968578,32.207905,35.15122,6567
