cod,territorio,eventos,km2,dens,tipo
13,San Javier,5270,4.8492788696116005,1086.7595248078808,com
08,Villa Hermosa,4849,5.7169678797016825,848.1768836268196,com
01,Popular,3932,3.097940827731758,1269.2301818039955,com
03,Manrique,2694,5.096182131995507,528.6310281349998,com
07,Robledo,1806,9.46200778777417,190.86858101443616,com
02,Santa Cruz,1421,2.195662628461969,647.1850372547401,com
60,San Cristóbal,1348,54.11279228369492,24.91093035696431,corr
09,Buenos Aires,1149,6.052668249574876,189.83363247782543,com
16,Belén,1071,8.856231995996106,120.93179136275992,com
80,San Antonio de Prado,1019,60.56777154894249,16.824128970579434,corr
04,Aranjuez,1006,4.883314140120911,206.00763562081457,com
70,Altavista,957,28.725783228357646,33.315018511149404,corr
14,El Poblado,750,14.414322974760365,52.03158006888413,com
06,Doce de Octubre,643,3.84981199633747,167.02114300950797,com
50,San Sebastián de Palmitas,256,57.79920245209626,4.429126858838091,corr
05,Castilla,233,6.063915624792528,38.4240174858917,com
90,Santa Elena,195,74.11415293454093,2.631076417647623,corr
12,La América,179,3.973306891809597,45.050635371001135,com
10,La Candelaria,146,7.360811122946004,19.834770592723306,com
15,Guayabal,110,7.288420653708051,15.092432946229097,com
11,Laureles-Estadio,43,7.4026693069818,5.808715507451441,com
