year,raw,in_range_unique,kept,variable
2014,682,682,682,tmax
2015,8689,8689,8680,tmax
2016,6880,6795,6772,tmax
2017,8479,8479,8423,tmax
2018,8082,8082,7992,tmax
2019,9073,8253,8067,tmax
2020,8164,8164,7765,tmax
2021,7332,7332,6803,tmax
2022,6558,6558,6331,tmax
2023,6174,6174,6075,tmax
2024,9336,6806,5906,tmax
2025,13933,12377,8532,tmax
2026,6136,5699,5592,tmax
2014,682,682,678,tmin
2015,8642,8642,8605,tmin
2016,6821,6820,6768,tmin
2017,8555,8555,8461,tmin
2018,8082,8082,7963,tmin
2019,9073,8253,8029,tmin
2020,8152,8152,7708,tmin
2021,7325,7325,6753,tmin
2022,6580,6580,6278,tmin
2023,6171,6171,6051,tmin
2024,9558,6248,5567,tmin
2025,14400,9913,7002,tmin
2026,6148,5396,5288,tmin
