mes,tmax,n_tmax,tmin,n_tmin,tmean,n_tmean,d28,d29,d30,d31,anom_tmax,anom_tmin,anom_tmean,fase,oni
2014-12,28.282142857142855,28.0,17.835714285714285,28.0,21.829017857142855,28.0,18,10,3,1,0.9821428571428541,0.235714285714284,-0.6709821428571452,El Niño,0.77
2015-01,28.925806451612903,31.0,17.661290322580644,31.0,22.31720430107527,31.0,22,15,9,2,1.1258064516129025,0.16129032258064413,-0.6827956989247284,El Niño,0.69
2015-02,28.771428571428572,28.0,18.317857142857143,28.0,22.285863095238092,28.0,20,16,7,1,0.47142857142857153,0.5178571428571423,-1.0141369047619087,El Niño,0.61
2015-03,28.803703703703704,27.0,18.33703703703704,27.0,22.383487654320987,27.0,17,13,7,6,0.7037037037037024,0.3370370370370388,-0.7165123456790141,El Niño,0.65
2015-04,28.473333333333336,30.0,18.13,30.0,22.20041666666667,30.0,18,11,7,2,0.773333333333337,0.23000000000000043,-0.5995833333333316,El Niño,0.81
2015-05,29.887096774193548,31.0,18.55483870967742,31.0,23.016397849462365,31.0,25,21,17,11,1.9870967741935495,0.6548387096774206,0.01639784946236489,El Niño,1.02
2015-06,30.046666666666667,30.0,18.526666666666664,30.0,23.733888888888888,30.0,27,26,19,5,1.6466666666666683,0.8266666666666644,0.03388888888888886,El Niño,1.25
2015-07,29.91290322580645,31.0,18.338709677419356,31.0,23.46155913978495,31.0,27,23,19,5,1.3129032258064477,0.8387096774193559,-0.5384408602150508,El Niño,1.57
2015-08,29.919354838709676,31.0,18.470967741935485,31.0,23.550403225806452,31.0,29,23,19,5,1.2193548387096769,0.870967741935484,-0.3495967741935466,El Niño,1.91
2015-09,30.43,30.0,18.490000000000002,30.0,23.629583333333333,30.0,25,24,23,16,2.3299999999999983,0.990000000000002,0.42958333333333343,El Niño,2.21
2015-10,28.55483870967742,31.0,18.567741935483873,31.0,22.21505376344086,31.0,20,15,9,2,1.2548387096774185,1.1677419354838747,0.015053763440860735,El Niño,2.47
2015-11,27.986666666666668,30.0,18.451724137931034,29.0,22.038474967061923,30.0,14,8,4,1,0.8866666666666667,0.8517241379310327,0.03847496706192288,El Niño,2.64
2015-12,30.009677419354837,31.0,18.610344827586207,29.0,23.50307917888563,31.0,29,23,16,7,2.7096774193548363,1.0103448275862057,1.0030791788856313,El Niño,2.75
2016-01,30.093548387096774,31.0,18.348387096774193,31.0,22.964247311827958,31.0,27,26,21,7,2.2935483870967737,0.8483870967741929,-0.03575268817204247,El Niño,2.63
2016-02,30.624137931034483,29.0,19.520689655172415,29.0,23.824856321839082,29.0,27,25,24,13,2.324137931034482,1.7206896551724142,0.5248563218390814,El Niño,2.28
2016-03,31.006451612903227,31.0,19.551612903225806,31.0,23.98467741935484,31.0,29,26,26,19,2.9064516129032256,1.5516129032258057,0.884677419354837,El Niño,1.71
2016-04,29.02,30.0,19.13,30.0,22.782868357487924,30.0,21,15,10,6,1.3200000000000003,1.2300000000000004,-0.01713164251207644,El Niño,1.05
2016-05,,6.0,,6.0,,6.0,,,,,,,,Neutro,0.49
2016-06,,15.0,,15.0,,15.0,,,,,,,,Neutro,0.0
2016-07,29.24137931034483,29.0,17.867857142857144,28.0,22.682471264367816,29.0,25,18,10,0,0.6413793103448278,0.36785714285714377,-1.3175287356321839,Neutro,-0.31
2016-08,,16.0,,16.0,,16.0,,,,,,,,Neutro,-0.5
2016-09,,3.0,,3.0,,3.0,,,,,,,,Neutro,-0.58
2016-10,27.65,30.0,17.92258064516129,31.0,21.554301075268814,31.0,15,10,3,0,0.34999999999999787,0.5225806451612911,-0.6456989247311853,Neutro,-0.64
2016-11,26.970000000000002,30.0,17.663333333333334,30.0,20.97843050065876,30.0,10,3,0,0,-0.129999999999999,0.06333333333333258,-1.0215694993412399,Neutro,-0.6
2016-12,27.019354838709678,31.0,17.729032258064517,31.0,21.158444366526414,31.0,9,1,0,0,-0.28064516129032313,0.12903225806451601,-1.341555633473586,Neutro,-0.45
2017-01,27.773333333333333,30.0,17.39032258064516,31.0,21.399998937481406,31.0,19,4,1,0,-0.026666666666667282,-0.10967741935483843,-1.6000010625185936,Neutro,-0.19
2017-02,29.732142857142858,28.0,17.767857142857142,28.0,22.291666666666664,28.0,25,19,10,4,1.432142857142857,-0.03214285714285836,-1.0083333333333364,Neutro,-0.02
2017-03,26.825,28.0,17.727586206896554,29.0,20.9246251874063,29.0,10,4,2,0,-1.2750000000000021,-0.27241379310344627,-2.1753748125937022,Neutro,0.18
2017-04,27.96333333333333,30.0,18.13,30.0,22.224915458937197,30.0,16,12,8,2,0.26333333333333186,0.23000000000000043,-0.5750845410628038,Neutro,0.31
2017-05,27.863333333333333,30.0,17.919354838709676,31.0,21.754832865825154,31.0,16,9,7,3,-0.03666666666666529,0.01935483870967758,-1.2451671341748458,Neutro,0.4
2017-06,28.396666666666665,30.0,17.80666666666667,30.0,21.8300422705314,30.0,15,12,8,3,-0.0033333333333338544,0.10666666666666913,-1.8699577294685987,Neutro,0.39
2017-07,29.52258064516129,31.0,18.164516129032258,31.0,22.99282311190446,31.0,24,23,16,3,0.9225806451612897,0.6645161290322577,-1.0071768880955396,Neutro,0.19
2017-08,29.238709677419354,31.0,18.074193548387097,31.0,22.500777232351567,31.0,24,20,11,2,0.5387096774193552,0.4741935483870954,-1.399222767648432,Neutro,-0.07
2017-09,28.21333333333333,30.0,17.846666666666668,30.0,21.879797979797978,30.0,19,8,4,3,0.11333333333332973,0.34666666666666757,-1.3202020202020215,Neutro,-0.34
2017-10,27.519354838709678,31.0,17.783870967741933,31.0,21.432499256236984,31.0,19,11,5,2,0.21935483870967687,0.3838709677419345,-0.7675007437630157,La Niña,-0.6
2017-11,,23.0,,23.0,21.34542824074074,24.0,,,,,,,-0.6545717592592588,La Niña,-0.77
2017-12,27.680769230769233,26.0,17.733333333333334,27.0,21.679798328349055,27.0,11,7,2,0,0.3807692307692321,0.13333333333333286,-0.8202016716509455,La Niña,-0.86
2018-01,27.532258064516128,31.0,17.483870967741936,31.0,21.247177419354838,31.0,13,8,1,0,-0.2677419354838726,-0.016129032258064058,-1.7528225806451623,La Niña,-0.77
2018-02,27.610714285714288,28.0,17.592857142857145,28.0,21.41264880952381,28.0,12,4,1,0,-0.6892857142857132,-0.20714285714285552,-1.887351190476192,La Niña,-0.71
2018-03,28.40967741935484,31.0,18.074193548387097,31.0,22.119699625993455,31.0,19,16,8,2,0.3096774193548377,0.0741935483870968,-0.9803003740065463,La Niña,-0.57
2018-04,27.287499999999998,24.0,17.4875,24.0,21.171407004830918,24.0,8,5,2,0,-0.4125000000000014,-0.41249999999999787,-1.6285929951690825,Neutro,-0.39
2018-05,27.626666666666665,30.0,17.496666666666666,30.0,21.019077812284333,30.0,11,6,3,1,-0.27333333333333343,-0.40333333333333243,-1.9809221877156666,Neutro,-0.13
2018-06,29.116666666666667,30.0,17.57,30.0,22.33029589371981,30.0,24,19,9,0,0.7166666666666686,-0.129999999999999,-1.3697041062801887,Neutro,0.06
2018-07,,19.0,,19.0,,20.0,,,,,,,,Neutro,0.14
2018-08,,20.0,,20.0,,20.0,,,,,,,,Neutro,0.27
2018-09,28.596666666666668,30.0,17.733333333333334,30.0,21.870972222222225,30.0,18,13,11,2,0.49666666666666615,0.23333333333333428,-1.3290277777777746,El Niño,0.53
2018-10,27.60666666666667,30.0,17.516129032258064,31.0,21.062675315568026,31.0,13,4,0,0,0.3066666666666684,0.11612903225806548,-1.1373246844319738,El Niño,0.81
2018-11,28.185714285714287,28.0,18.093103448275862,29.0,21.121310386473432,30.0,17,8,1,0,1.0857142857142854,0.4931034482758605,-0.8786896135265678,El Niño,0.97
2018-12,28.593548387096774,31.0,17.561290322580643,31.0,22.05904203323558,31.0,21,12,5,0,1.2935483870967737,-0.03870967741935871,-0.4409579667644188,El Niño,0.92
2019-01,28.796774193548387,31.0,17.716129032258067,31.0,22.186535764375876,31.0,21,14,9,7,0.9967741935483865,0.2161290322580669,-0.8134642356241244,El Niño,0.89
2019-02,29.392857142857142,28.0,18.59642857142857,28.0,22.42602225672878,28.0,25,18,7,4,1.0928571428571416,0.7964285714285708,-0.8739777432712224,El Niño,0.86
2019-03,28.432,25.0,18.372,25.0,21.84862316648693,29.0,17,9,2,1,0.3319999999999972,0.3719999999999999,-1.2513768335130706,El Niño,0.84
2019-04,28.25862068965517,29.0,18.148275862068964,29.0,21.777248875562222,29.0,16,9,4,0,0.5586206896551715,0.24827586206896513,-1.0227511244377787,El Niño,0.77
2019-05,28.446666666666665,30.0,18.153333333333332,30.0,21.859805900621115,30.0,16,11,7,4,0.5466666666666669,0.25333333333333385,-1.1401940993788848,El Niño,0.64
2019-06,29.441379310344825,29.0,18.272413793103446,29.0,22.875361750942712,29.0,24,17,14,2,1.0413793103448263,0.572413793103447,-0.824638249057287,El Niño,0.52
2019-07,29.561290322580643,31.0,17.79032258064516,31.0,22.81609396914446,31.0,27,23,9,1,0.9612903225806413,0.29032258064516014,-1.183906030855539,Neutro,0.33
2019-08,30.317857142857143,28.0,18.217857142857145,28.0,23.707779711961063,30.0,25,24,20,9,1.6178571428571438,0.6178571428571438,-0.19222028803893565,Neutro,0.19
2019-09,29.0,24.0,18.154166666666665,24.0,22.563855835240275,25.0,17,13,8,3,0.8999999999999986,0.654166666666665,-0.6361441647597239,Neutro,0.23
2019-10,27.639285714285712,28.0,17.44137931034483,29.0,21.33787435485948,30.0,14,4,0,0,0.33928571428571175,0.04137931034482989,-0.8621256451405195,Neutro,0.39
2019-11,27.80666666666667,30.0,17.953333333333333,30.0,21.338327843653932,30.0,13,5,1,0,0.706666666666667,0.3533333333333317,-0.6616721563460679,El Niño,0.58
2019-12,28.59,30.0,18.046666666666667,30.0,22.100161161302466,30.0,21,13,6,2,1.2899999999999991,0.44666666666666544,-0.39983883869753356,El Niño,0.66
2020-01,29.22142857142857,28.0,17.185714285714287,28.0,22.267939287931792,29.0,24,18,9,3,1.4214285714285708,-0.31428571428571317,-0.7320607120682077,El Niño,0.64
2020-02,30.372,25.0,18.168,25.0,23.282047005244944,26.0,23,20,16,11,2.071999999999999,0.36799999999999855,-0.017952994755056295,El Niño,0.63
2020-03,29.925925925925927,27.0,18.275,28.0,22.774120591219543,29.0,25,21,13,5,1.825925925925926,0.2749999999999986,-0.32587940878045885,El Niño,0.53
2020-04,29.23076923076923,26.0,18.173076923076923,26.0,22.390060223816263,27.0,22,16,8,1,1.5307692307692307,0.27307692307692477,-0.40993977618373734,Neutro,0.3
2020-05,30.216666666666665,30.0,18.983870967741936,31.0,23.452705157161677,31.0,24,21,20,16,2.3166666666666664,1.0838709677419374,0.45270515716167736,Neutro,0.01
2020-06,28.227586206896554,29.0,17.892857142857142,28.0,21.974213062300016,30.0,17,12,6,1,-0.17241379310344485,0.19285714285714306,-1.7257869376999828,Neutro,-0.23
2020-07,28.396666666666665,30.0,17.626666666666665,30.0,21.71556818181818,30.0,19,11,4,1,-0.2033333333333367,0.12666666666666515,-2.284431818181819,Neutro,-0.36
2020-08,29.03103448275862,29.0,18.058620689655175,29.0,22.3167868338558,29.0,19,15,11,4,0.33103448275862135,0.45862068965517366,-1.5832131661441977,La Niña,-0.53
2020-09,,21.0,,20.0,21.42379209486166,25.0,,,,,,,-1.7762079051383388,La Niña,-0.85
2020-10,,22.0,,21.0,21.261997195585582,24.0,,,,,,,-0.9380028044144169,La Niña,-1.12
2020-11,27.33103448275862,29.0,17.71034482758621,29.0,21.01280431212965,29.0,8,2,0,0,0.23103448275861993,0.11034482758620712,-0.9871956878703507,La Niña,-1.2
2020-12,,20.0,,20.0,,22.0,,,,,,,,La Niña,-1.08
2021-01,,18.0,,18.0,,20.0,,,,,,,,La Niña,-0.91
2021-02,,17.0,,17.0,,17.0,,,,,,,,La Niña,-0.79
2021-03,,14.0,,15.0,,20.0,,,,,,,,La Niña,-0.71
2021-04,,7.0,,7.0,,9.0,,,,,,,,La Niña,-0.55
2021-05,,16.0,,16.0,,16.0,,,,,,,,Neutro,-0.39
2021-06,27.782758620689656,29.0,17.272413793103446,29.0,21.278173981191223,29.0,15,9,1,0,-0.6172413793103431,-0.427586206896553,-2.421826018808776,Neutro,-0.3
2021-07,28.835483870967742,31.0,17.858064516129033,31.0,22.43783894343151,31.0,23,16,11,1,0.23548387096774093,0.35806451612903345,-1.5621610565684882,Neutro,-0.35
2021-08,,23.0,17.528,25.0,21.53622456907163,27.0,,,,,,-0.07200000000000273,-2.363775430928367,Neutro,-0.45
2021-09,28.055999999999997,25.0,17.45,26.0,21.60474369296833,27.0,13,11,6,0,-0.044000000000004036,-0.05000000000000071,-1.5952563070316685,La Niña,-0.63
2021-10,27.70357142857143,28.0,17.606896551724137,29.0,21.15463529598837,29.0,11,4,2,0,0.40357142857142847,0.2068965517241388,-1.0453647040116287,La Niña,-0.76
2021-11,27.110344827586207,29.0,17.548275862068966,29.0,20.91419574303757,29.0,11,2,0,0,0.010344827586205696,-0.051724137931035585,-1.0858042569624295,La Niña,-0.91
2021-12,27.273333333333333,30.0,18.166666666666668,30.0,21.556195652173916,30.0,10,4,0,0,-0.026666666666667282,0.5666666666666664,-0.9438043478260845,La Niña,-0.87
2022-01,27.382758620689657,29.0,17.23448275862069,29.0,21.194748767960515,29.0,10,4,0,0,-0.4172413793103438,-0.2655172413793103,-1.8052512320394847,La Niña,-0.82
2022-02,26.92,25.0,17.534615384615385,26.0,20.95927378018625,26.0,9,4,0,0,-1.379999999999999,-0.26538461538461533,-2.3407262198137495,La Niña,-0.79
2022-03,,16.0,,16.0,,16.0,,,,,,,,La Niña,-0.86
2022-04,27.260714285714283,28.0,17.976666666666667,30.0,21.34032004830918,30.0,11,4,0,0,-0.4392857142857167,0.07666666666666799,-1.4596799516908199,La Niña,-0.95
2022-05,,23.0,,23.0,21.6975248407993,24.0,,,,,,,-1.3024751592007,La Niña,-0.9
2022-06,26.53076923076923,26.0,17.052,25.0,20.2793958887903,28.0,4,0,0,0,-1.869230769230768,-0.6479999999999997,-3.4206041112096983,La Niña,-0.78
2022-07,27.8875,24.0,17.920833333333334,24.0,21.967046692819004,28.0,12,7,4,0,-0.7125000000000021,0.4208333333333343,-2.032953307180996,La Niña,-0.76
2022-08,,17.0,,17.0,,20.0,,,,,,,,La Niña,-0.87
2022-09,,13.0,,14.0,,22.0,,,,,,,,La Niña,-0.97
2022-10,,23.0,,22.0,20.87212931995541,26.0,,,,,,,-1.3278706800445903,La Niña,-0.94
2022-11,,0.0,,1.0,,2.0,,,,,,,,La Niña,-0.85
2022-12,,17.0,,17.0,,19.0,,,,,,,,La Niña,-0.71
2023-01,27.287096774193547,31.0,16.641935483870967,31.0,20.877456542989503,31.0,10,6,2,0,-0.5129032258064541,-0.8580645161290334,-2.1225434570104973,La Niña,-0.54
2023-02,,8.0,,9.0,,21.0,,,,,,,,Neutro,-0.29
2023-03,27.41,30.0,17.746666666666666,30.0,21.08874390569692,31.0,12,7,2,0,-0.6900000000000013,-0.25333333333333385,-2.011256094303082,Neutro,-0.02
2023-04,27.720000000000002,30.0,18.10666666666667,30.0,21.69344806763285,30.0,14,4,1,0,0.020000000000003126,0.20666666666667055,-1.1065519323671502,Neutro,0.27
2023-05,29.25714285714286,28.0,18.57857142857143,28.0,22.751108374384238,29.0,20,15,11,6,1.3571428571428612,0.6785714285714306,-0.24889162561576228,El Niño,0.57
2023-06,29.303846153846152,26.0,18.389285714285712,28.0,22.959481460568416,28.0,20,16,12,7,0.9038461538461533,0.6892857142857132,-0.7405185394315836,El Niño,0.84
2023-07,29.87741935483871,31.0,18.509677419354837,31.0,23.295301542776997,31.0,26,23,21,7,1.2774193548387096,1.009677419354837,-0.7046984572230031,El Niño,1.12
2023-08,30.196666666666665,30.0,18.803333333333335,30.0,23.54932211313698,31.0,28,23,19,12,1.4966666666666661,1.2033333333333331,-0.3506778868630178,El Niño,1.37
2023-09,,22.0,,23.0,,23.0,,,,,,,,El Niño,1.6
2023-10,,10.0,,10.0,,10.0,,,,,,,,El Niño,1.83
2023-11,,,,,,,,,,,,,,El Niño,1.99
2023-12,,,,,,,,,,,,,,El Niño,2.06
2024-01,,,,,,,,,,,,,,El Niño,1.92
2024-02,,,,,,,,,,,,,,El Niño,1.62
2024-03,,15.0,,15.0,,18.0,,,,,,,,El Niño,1.26
2024-04,29.964000000000002,25.0,19.42,25.0,23.474652173913046,25.0,20,18,14,10,2.264000000000003,1.5200000000000031,0.6746521739130458,El Niño,0.82
2024-05,29.2625,24.0,,23.0,22.725014649601608,30.0,20,15,7,4,1.3625000000000007,,-0.2749853503983921,Neutro,0.49
2024-06,29.364,25.0,18.648,25.0,22.598777490625316,26.0,21,15,8,3,0.9640000000000022,0.9480000000000004,-1.1012225093746828,Neutro,0.22
2024-07,30.52758620689655,29.0,18.528,25.0,23.657087757964334,31.0,27,24,24,14,1.9275862068965495,1.0279999999999987,-0.3429122420356663,Neutro,0.08
2024-08,30.555172413793105,29.0,18.303703703703704,27.0,23.180839070933743,31.0,26,24,18,13,1.855172413793106,0.7037037037037024,-0.7191609290662555,Neutro,-0.07
2024-09,,14.0,,5.0,,16.0,,,,,,,,Neutro,-0.17
2024-10,,3.0,,2.0,,5.0,,,,,,,,Neutro,-0.21
2024-11,,16.0,,14.0,,16.0,,,,,,,,Neutro,-0.3
2024-12,28.135483870967743,31.0,18.16296296296296,27.0,21.91246120289248,31.0,18,11,5,0,0.8354838709677423,0.5629629629629598,-0.5875387971075199,Neutro,-0.42
2025-01,28.444444444444443,27.0,,17.0,21.988830466847997,28.0,20,11,2,0,0.6444444444444422,,-1.0111695331520032,Neutro,-0.46
2025-02,,7.0,,2.0,,7.0,,,,,,,,Neutro,-0.22
2025-03,28.739285714285717,28.0,,20.0,22.036463298122335,30.0,17,13,9,2,0.639285714285716,,-1.0635367018776662,Neutro,-0.08
2025-04,28.596666666666668,30.0,,21.0,21.771616475312126,30.0,19,10,6,5,0.8966666666666683,,-1.0283835246878752,Neutro,0.02
2025-05,,19.0,,15.0,,20.0,,,,,,,,Neutro,-0.04
2025-06,28.68148148148148,27.0,,19.0,21.794922326638165,28.0,18,13,7,1,0.28148148148148167,,-1.9050776733618342,Neutro,-0.02
2025-07,29.929032258064513,31.0,18.26,25.0,23.099643494654014,31.0,29,24,17,5,1.3290322580645118,0.7600000000000016,-0.9003565053459859,Neutro,-0.11
2025-08,28.548275862068966,29.0,,20.0,22.079511542929833,29.0,19,15,7,1,-0.15172413793103345,,-1.8204884570701658,Neutro,-0.26
2025-09,28.776,25.0,,9.0,22.32637253603437,27.0,16,14,6,4,0.6759999999999984,,-0.8736274639656294,Neutro,-0.43
2025-10,27.58888888888889,27.0,,2.0,21.232878160486855,30.0,10,7,1,0,0.28888888888888786,,-0.967121839513144,Neutro,-0.57
2025-11,28.351999999999997,25.0,,1.0,21.978793337097684,25.0,14,10,5,0,1.2519999999999953,,-0.021206662902315543,Neutro,-0.61
2025-12,27.616666666666667,30.0,,3.0,21.604389583067704,31.0,16,4,1,0,0.31666666666666643,,-0.8956104169322963,Neutro,-0.6
2026-01,26.693103448275863,29.0,,2.0,21.1376314229249,30.0,8,1,1,1,-1.1068965517241374,,-1.8623685770750988,Neutro,-0.39
2026-02,27.31153846153846,26.0,,4.0,21.312271143167067,28.0,11,6,0,0,-0.9884615384615394,,-1.987728856832934,Neutro,-0.21
2026-03,28.553846153846152,26.0,17.98846153846154,26.0,21.689537037037038,30.0,19,13,2,0,0.45384615384615046,-0.01153846153846061,-1.4104629629629635,Neutro,0.11
2026-04,28.540000000000003,30.0,18.246666666666666,30.0,21.877916666666668,30.0,20,9,4,0,0.8400000000000034,0.34666666666666757,-0.9220833333333331,Neutro,0.46
2026-05,30.055172413793105,29.0,19.141379310344828,29.0,23.59898148148148,30.0,26,21,18,9,2.1551724137931068,1.2413793103448292,0.5989814814814807,El Niño*,0.95
2026-06,29.282758620689656,29.0,18.2,28.0,22.82671717171717,30.0,23,17,11,8,0.8827586206896569,0.5,-0.8732828282828287,El Niño*,1.39
2026-07,,20.0,,20.0,,20.0,,,,,,,,El Niño*,1.8
2026-08,,17.0,,17.0,,17.0,,,,,,,,El Niño*,
2026-09,30.84,25.0,18.733333333333334,24.0,24.200938095238094,25.0,25,20,17,13,2.7399999999999984,1.2333333333333343,1.0009380952380944,El Niño*,
