mes,Movimiento en masa,Inundaciones,Incendio forestal,oni,fase
2021-01,7,5,16,-0.91,La Niña
2021-02,1,0,10,-0.79,La Niña
2021-03,94,23,2,-0.71,La Niña
2021-04,22,11,4,-0.55,La Niña
2021-05,48,19,0,-0.39,Neutro
2021-06,73,14,0,-0.3,Neutro
2021-07,6,6,11,-0.35,Neutro
2021-08,26,14,5,-0.45,Neutro
2021-09,24,7,3,-0.63,La Niña
2021-10,22,13,0,-0.76,La Niña
2021-11,51,18,1,-0.91,La Niña
2021-12,28,17,5,-0.87,La Niña
2022-01,6,3,6,-0.82,La Niña
2022-02,15,4,6,-0.79,La Niña
2022-03,65,17,3,-0.86,La Niña
2022-04,69,14,1,-0.95,La Niña
2022-05,54,22,1,-0.9,La Niña
2022-06,152,32,0,-0.78,La Niña
2022-07,31,12,4,-0.76,La Niña
2022-08,53,22,4,-0.87,La Niña
2022-09,55,16,1,-0.97,La Niña
2022-10,64,9,3,-0.94,La Niña
2022-11,51,15,1,-0.85,La Niña
2022-12,4,0,13,-0.71,La Niña
2023-01,28,15,19,-0.54,La Niña
2023-02,6,13,14,-0.29,Neutro
2023-03,16,19,2,-0.02,Neutro
2023-04,12,10,7,0.27,Neutro
2023-05,40,23,14,0.57,El Niño
2023-06,18,6,13,0.84,El Niño
2023-07,5,7,21,1.12,El Niño
2023-08,3,2,54,1.37,El Niño
2023-09,4,3,36,1.6,El Niño
2023-10,14,15,4,1.83,El Niño
2023-11,25,6,3,1.99,El Niño
2023-12,5,14,34,2.06,El Niño
2024-01,1,2,108,1.92,El Niño
2024-02,2,5,79,1.62,El Niño
2024-03,3,5,116,1.26,El Niño
2024-04,13,15,22,0.82,El Niño
2024-05,71,28,1,0.49,Neutro
2024-06,79,19,1,0.22,Neutro
2024-07,19,7,17,0.08,Neutro
2024-08,12,4,26,-0.07,Neutro
2024-09,8,16,22,-0.17,Neutro
2024-10,29,19,0,-0.21,Neutro
2024-11,24,11,4,-0.3,Neutro
2024-12,6,5,12,-0.42,Neutro
2025-01,5,6,20,-0.46,Neutro
2025-02,17,15,5,-0.22,Neutro
2025-03,14,11,3,-0.08,Neutro
2025-04,124,41,0,0.02,Neutro
2025-05,135,15,1,-0.04,Neutro
2025-06,63,19,3,-0.02,Neutro
2025-07,11,7,16,-0.11,Neutro
2025-08,6,6,8,-0.26,Neutro
2025-09,8,10,9,-0.43,Neutro
2025-10,33,21,3,-0.57,Neutro
2025-11,25,14,0,-0.61,Neutro
2025-12,11,15,9,-0.6,Neutro
2026-01,12,21,13,-0.39,Neutro
2026-02,23,14,2,-0.21,Neutro
2026-03,23,19,6,0.11,Neutro
2026-04,20,16,1,0.46,Neutro
2026-05,5,1,21,0.95,El Niño*
2026-06,5,6,16,1.39,El Niño*
2026-07,3,4,43,1.8,El Niño*
2026-08,2,8,53,,El Niño*
2026-09,2,4,31,,El Niño*
