pixel_id,fila,columna,P_mm_anio,area_pixel_m2,area_en_medellin_m2,fraccion_en_medellin,clase
r009_c009,9,9,2026.4056549013903,30607309.141586334,4289316.61731847,0.14014027164153905,Parcial
r009_c010,9,10,2040.1816669397056,30604804.560221404,10143458.29558299,0.33143352624989314,Parcial
r010_c009,10,9,2292.7276198259865,30610216.530924175,8929113.799237369,0.2917037123934315,Parcial
r010_c010,10,10,2278.3639283290754,30607711.220786445,29681867.245966375,0.9697512836506603,Parcial
r010_c011,10,11,2148.4622127403813,30605252.57036005,10379498.755116012,0.3391410912637962,Parcial
r010_c012,10,12,1757.7720320124179,30602840.564770635,6057750.721420307,0.19794733461422093,Parcial
r010_c013,10,13,1834.0213072156535,30600475.1893788,621044.289856119,0.020295249861730213,Parcial
r011_c009,11,9,2385.4899491842525,30613101.10164781,5382559.961802379,0.1758253743692975,Parcial
r011_c010,11,10,2272.1951093651355,30610595.068313535,30610595.06831354,1.0000000000000002,Completo
r011_c011,11,11,2124.9332594174894,30608135.708237965,30608135.708237976,1.0000000000000004,Completo
r011_c012,11,12,1993.611090862068,30605723.006537598,30605723.00653759,0.9999999999999998,Completo
r011_c013,11,13,2107.1727852338927,30603356.94856589,28925148.46318993,0.9451626013382626,Parcial
r011_c014,11,14,2163.4304576055456,30601037.51999317,3925605.406463546,0.128283408819023,Parcial
r012_c009,12,9,2629.890105010631,30615962.85200196,1746649.0406709814,0.05705027305900226,Parcial
r012_c010,12,10,2500.4891595607,30613456.10104957,30535154.788754914,0.997442258331232,Parcial
r012_c011,12,11,2064.2207521519313,30610996.036799274,30610996.0367993,1.0000000000000009,Completo
r012_c012,12,12,1959.501948514829,30608582.644357685,30606657.319064192,0.9999370985152805,Parcial
r012_c013,12,13,2559.119698763142,30606215.909072988,30606215.90907299,1.0000000000000002,Completo
r012_c014,12,14,2455.4182753793893,30603895.816603187,10359666.946876569,0.3385081105019399,Parcial
r013_c010,13,10,2952.1951871539154,30616294.317246515,14866648.718534159,0.4855796251657929,Parcial
r013_c011,13,11,2157.185549555222,30613833.554299947,7176103.409438602,0.2344072132198113,Parcial
r013_c012,13,12,2178.6446969664344,30611419.476493232,9203524.140230441,0.30065656208128166,Parcial
r013_c013,13,13,2447.0903672873974,30609052.06916349,8737265.195473792,0.28544710158717995,Parcial
r013_c014,13,14,2186.872565560198,30606731.317964233,1787944.9113535264,0.05841672188967512,Parcial
